{"generationUrl":"http://localhost:2014/scramble/#competitionName=Scrambles%20for%202016-02-05&rounds=i('eventID'-'333'_'round'-'1'_'groupCount'-1_'scrambleCount'-5_'extraScrambleCount'-2)_('eventID'-'333'_'round'-'2'_'groupCount'-1_'scrambleCount'-5_'extraScrambleCount'-2)_('eventID'-'333'_'round'-'3'_'groupCount'-1_'scrambleCount'-5_'extraScrambleCount'-2)_('eventID'-'333'_'round'-'4'_'groupCount'-1_'scrambleCount'-5_'extraScrambleCount'-2)_('eventID'-'333'_'round'-'5'_'groupCount'-1_'scrambleCount'-5_'extraScrambleCount'-2)!&version=1.0","sheets":[{"scrambles":["L2 D' L2 B2 U B2 L2 R2 D' U' F L' D2 R D' F' L2 B2 D' R","L' U2 L2 D2 R' D2 B2 D2 R2 B' D' R2 U' B2 U2 B2 R' B' U","F2 L2 B R2 U2 B F' U2 L' U' R2 B' F L' R F' L D","F L' D L2 B U' D' F' B' D' R' F2 D2 B U2 F' L2 F U2 F'","L2 F2 U L2 D' F2 D' L2 B2 F2 L B2 D' R2 D R U L2 U F'"],"extraScrambles":["L D2 L2 F2 R F2 R B2 F2 R B' R D' L2 U L2 F' D U L'","R F2 U2 R D' F' R' U' F2 R2 F2 R2 U2 L' B2 R2 D2 R D2"],"scrambler":"333","copies":1,"title":"3x3x3 Cube Round 1","fmc":false,"group":"A","event":"333","round":1},{"scrambles":["R2 F2 D' F2 L2 D2 B2 F2 R' B F' L' R D R' U' R2 F' D' F2","R' L B D L F' R F U2 B D2 R2 F2 D' R2 D R2 U2 F2 R2","F U' D2 R D R2 B2 R' B R D2 L U2 R' U2 D2 F2 L' D2","B D2 L2 B F2 L2 R2 D2 R2 U' B L F2 L2 B2 D' B' U' F' D","L2 D B2 L2 F2 D2 B2 D2 F' L2 F R' D2 R' F' U2 R2 D L'"],"extraScrambles":["U F2 L2 D' L' B' U D2 R' D' B2 R' F2 L' F2 R2 U2 F2 L","D B2 R2 D' U2 F2 D B2 L2 U' F' D2 B2 L' D U2 L R' B' L2"],"scrambler":"333","copies":1,"title":"3x3x3 Cube Round 2","fmc":false,"group":"A","event":"333","round":2},{"scrambles":["U B2 R2 D2 F2 U R' B' U2 R' D U' R' D B' L' R F2","U' L' U2 R' F U' B D2 B' R2 U' F2 R2 U2 R2 D2 L2 B' U2","L2 D2 U2 R B2 L' U2 L' F' R' U' B R2 U2 R2 B' U2 F' U","U D' B R2 F R F2 L U R2 F' L' D2 L2 D2 L2 B2 D2 R'","B2 D' F2 D2 L2 U' L2 B2 F' L' B2 D2 B R' U2 B2 R U R' F"],"extraScrambles":["U' L2 U B2 R2 B2 F2 L D B' R2 F U' B' D' L2 F' D B'","D2 R B' U' D L' D2 L' F' B2 D' B2 U2 F U2 F D2 F D2 L2"],"scrambler":"333","copies":1,"title":"3x3x3 Cube Round 3","fmc":false,"group":"A","event":"333","round":3},{"scrambles":["D2 R2 D2 R2 F2 R2 U F' R2 F' R' B2 U F R2 D' F U F2","R D' F' R' B D2 R' U2 B R2 U2 L' U2 B2 L' F2 L' U2 B2","F2 L2 D' B2 D U B2 F U2 L R B U B2 D2 U' F' R D","R2 L' D' R2 B' D' B R' D2 R2 U B2 D2 F U2 R2 B L2 B","B' R2 F' R L F D F2 L2 B' R F' R2 B' D2 B' R2 F D2"],"extraScrambles":["D F2 U' L2 R2 D' B2 U R' D L2 U F R D' L R' F' R'","U' F2 D F2 L2 F2 D' F2 U' B2 L' F2 L B F' R' F2 U R2 B2"],"scrambler":"333","copies":1,"title":"3x3x3 Cube Round 4","fmc":false,"group":"A","event":"333","round":4},{"scrambles":["U F U' L D' R U2 R F R2 F U2 D2 B L2 B2","L2 F B' D F2 L U L' F' R' F U2 R' B2 L B2 U2 R U2","D2 F D2 B' D2 B' L2 F' D2 F R D' R2 U2 L' D2 F U2 B' F'","B' F' D2 F R2 F U2 R' F' D U' R2 U' L2 B' L2 U' F","F' R2 F U2 D L' F' B' L' D R' U2 R U2 F2 R B2 L2 U2 L'"],"extraScrambles":["R2 U2 B' U2 B' R2 F L2 F2 L2 F2 R' U F L B' L' U' L D' U","B2 L' D2 R' F2 L' D2 R' U' L U F D2 U' B2 D L D' R2"],"scrambler":"333","copies":1,"title":"3x3x3 Cube Round 5","fmc":false,"group":"A","event":"333","round":5}],"competitionName":"Scrambles for 2016-02-05","generationDate":"Feb 5, 2016 3:24:28 PM","version":"TNoodle-WCA-0.10.0"}